panel,model,metric,K,value,label,fmt,subset,N,direction,source,path
A,JATOBÁ,hierarchical ε-CE,,0.5079217570106181,0.508,{:.3f},"JATOBÁ-ID (held-out InferBR + BRIGHTER examples), common subset of JATOBÁ, GLiNER, Laya and Julia-1",15025,lower is better,results/data/pristine_four_model_common.json,models/NorDecision_RAW/hierarchical_ce_epsilon_group
A,GLiNER,hierarchical ε-CE,,1.2907891097596347,1.291,{:.3f},"JATOBÁ-ID (held-out InferBR + BRIGHTER examples), common subset of JATOBÁ, GLiNER, Laya and Julia-1",15025,lower is better,results/data/pristine_four_model_common.json,models/GLiNER/hierarchical_ce_epsilon_group
A,Laya,hierarchical ε-CE,,1.3813832776214263,1.381,{:.3f},"JATOBÁ-ID (held-out InferBR + BRIGHTER examples), common subset of JATOBÁ, GLiNER, Laya and Julia-1",15025,lower is better,results/data/pristine_four_model_common.json,models/Laya_multilingual/hierarchical_ce_epsilon_group
A,Julia-1,hierarchical ε-CE,,2.7453769755444126,2.745,{:.3f},"JATOBÁ-ID (held-out InferBR + BRIGHTER examples), common subset of JATOBÁ, GLiNER, Laya and Julia-1",15025,lower is better,results/data/pristine_four_model_common.json,models/Julia/hierarchical_ce_epsilon_group
B,JATOBÁ,top-1,,0.848,0.848,{:.3f},"JATOBÁ-ID, common subset of JATOBÁ and Julia-1 (InferBR, BRIGHTER, 3 Community Alignment decisions)",15028,higher is better,results/data/t7_julia1_external.json,"rows[block=pristine,model=NorDecision_RAW]/top1"
B,Julia-1,top-1,,0.1008,0.101,{:.3f},"JATOBÁ-ID, common subset of JATOBÁ and Julia-1 (InferBR, BRIGHTER, 3 Community Alignment decisions)",15028,higher is better,results/data/t7_julia1_external.json,"rows[block=pristine,model=Julia]/top1"
C,JATOBÁ,top-1,2,0.9889693209238194,0.989,{:.3f},"MASSIVE PT-BR intent test (legacy block), same 2,901 decisions at every K",2901,higher is better,results/data/t2_massive_top1_vs_k.json,rows[K=2]/NorDecision_RAW_top1_all
C,GLiNER,top-1,2,0.8528093760772147,0.853,{:.3f},"MASSIVE PT-BR intent test (legacy block), same 2,901 decisions at every K",2901,higher is better,results/data/t2_massive_top1_vs_k.json,rows[K=2]/GLiNER_top1
C,Julia-1,top-1,2,0.7329,0.733,{:.3f},"MASSIVE PT-BR intent test (legacy block), same 2,901 decisions at every K",2901,higher is better,results/data/t7_julia1_external.json,"rows[block=massive_K2,model=Julia]/top1"
C,Laya,top-1,2,0.8541882109617374,0.854,{:.3f},"MASSIVE PT-BR intent test (legacy block), same 2,901 decisions at every K",2901,higher is better,results/data/t2_massive_top1_vs_k.json,rows[K=2]/Laya_multilingual_top1_common
C,JATOBÁ,top-1,4,0.9655291278869356,0.966,{:.3f},"MASSIVE PT-BR intent test (legacy block), same 2,901 decisions at every K",2901,higher is better,results/data/t2_massive_top1_vs_k.json,rows[K=4]/NorDecision_RAW_top1_all
C,GLiNER,top-1,4,0.7200965184419166,0.720,{:.3f},"MASSIVE PT-BR intent test (legacy block), same 2,901 decisions at every K",2901,higher is better,results/data/t2_massive_top1_vs_k.json,rows[K=4]/GLiNER_top1
C,Julia-1,top-1,4,0.5567,0.557,{:.3f},"MASSIVE PT-BR intent test (legacy block), same 2,901 decisions at every K",2901,higher is better,results/data/t7_julia1_external.json,"rows[block=massive_K4,model=Julia]/top1"
C,Laya,top-1,4,0.7283695277490521,0.728,{:.3f},"MASSIVE PT-BR intent test (legacy block), same 2,901 decisions at every K",2901,higher is better,results/data/t2_massive_top1_vs_k.json,rows[K=4]/Laya_multilingual_top1_common
C,JATOBÁ,top-1,5,0.9551878662530162,0.955,{:.3f},"MASSIVE PT-BR intent test (legacy block), same 2,901 decisions at every K",2901,higher is better,results/data/t2_massive_top1_vs_k.json,rows[K=5]/NorDecision_RAW_top1_all
C,GLiNER,top-1,5,0.6632195794553603,0.663,{:.3f},"MASSIVE PT-BR intent test (legacy block), same 2,901 decisions at every K",2901,higher is better,results/data/t2_massive_top1_vs_k.json,rows[K=5]/GLiNER_top1
C,Julia-1,top-1,5,0.5129,0.513,{:.3f},"MASSIVE PT-BR intent test (legacy block), same 2,901 decisions at every K",2901,higher is better,results/data/t7_julia1_external.json,"rows[block=massive_K5,model=Julia]/top1"
C,Laya,top-1,5,0.6894174422612892,0.689,{:.3f},"MASSIVE PT-BR intent test (legacy block), same 2,901 decisions at every K",2901,higher is better,results/data/t2_massive_top1_vs_k.json,rows[K=5]/Laya_multilingual_top1_common
C,JATOBÁ,top-1,6,0.9479489831092727,0.948,{:.3f},"MASSIVE PT-BR intent test (legacy block), same 2,901 decisions at every K",2901,higher is better,results/data/t2_massive_top1_vs_k.json,rows[K=6]/NorDecision_RAW_top1_all
C,GLiNER,top-1,6,0.6194415718717684,0.619,{:.3f},"MASSIVE PT-BR intent test (legacy block), same 2,901 decisions at every K",2901,higher is better,results/data/t2_massive_top1_vs_k.json,rows[K=6]/GLiNER_top1
C,Julia-1,top-1,6,0.4729,0.473,{:.3f},"MASSIVE PT-BR intent test (legacy block), same 2,901 decisions at every K",2901,higher is better,results/data/t7_julia1_external.json,"rows[block=massive_K6,model=Julia]/top1"
C,Laya,top-1,6,0.661496035849707,0.661,{:.3f},"MASSIVE PT-BR intent test (legacy block), same 2,901 decisions at every K",2901,higher is better,results/data/t2_massive_top1_vs_k.json,rows[K=6]/Laya_multilingual_top1_common
C,JATOBÁ,top-1,8,0.9351947604274388,0.935,{:.3f},"MASSIVE PT-BR intent test (legacy block), same 2,901 decisions at every K",2901,higher is better,results/data/t2_massive_top1_vs_k.json,rows[K=8]/NorDecision_RAW_top1_all
C,GLiNER,top-1,8,0.5511892450879007,0.551,{:.3f},"MASSIVE PT-BR intent test (legacy block), same 2,901 decisions at every K",2901,higher is better,results/data/t2_massive_top1_vs_k.json,rows[K=8]/GLiNER_top1
C,Julia-1,top-1,8,0.4061,0.406,{:.3f},"MASSIVE PT-BR intent test (legacy block), same 2,901 decisions at every K",2901,higher is better,results/data/t7_julia1_external.json,"rows[block=massive_K8,model=Julia]/top1"
C,JATOBÁ,top-1,10,0.921406411582213,0.921,{:.3f},"MASSIVE PT-BR intent test (legacy block), same 2,901 decisions at every K",2901,higher is better,results/data/t2_massive_top1_vs_k.json,rows[K=10]/NorDecision_RAW_top1_all
C,GLiNER,top-1,10,0.5025853154084798,0.503,{:.3f},"MASSIVE PT-BR intent test (legacy block), same 2,901 decisions at every K",2901,higher is better,results/data/t2_massive_top1_vs_k.json,rows[K=10]/GLiNER_top1
C,Julia-1,top-1,10,0.3437,0.344,{:.3f},"MASSIVE PT-BR intent test (legacy block), same 2,901 decisions at every K",2901,higher is better,results/data/t7_julia1_external.json,"rows[block=massive_K10,model=Julia]/top1"
C,JATOBÁ,top-1,16,0.8927955877283695,0.893,{:.3f},"MASSIVE PT-BR intent test (legacy block), same 2,901 decisions at every K",2901,higher is better,results/data/t2_massive_top1_vs_k.json,rows[K=16]/NorDecision_RAW_top1_all
C,GLiNER,top-1,16,0.4215787659427784,0.422,{:.3f},"MASSIVE PT-BR intent test (legacy block), same 2,901 decisions at every K",2901,higher is better,results/data/t2_massive_top1_vs_k.json,rows[K=16]/GLiNER_top1
C,Julia-1,top-1,16,0.2541,0.254,{:.3f},"MASSIVE PT-BR intent test (legacy block), same 2,901 decisions at every K",2901,higher is better,results/data/t7_julia1_external.json,"rows[block=massive_K16,model=Julia]/top1"
C,JATOBÁ,top-1,24,0.8624612202688728,0.862,{:.3f},"MASSIVE PT-BR intent test (legacy block), same 2,901 decisions at every K",2901,higher is better,results/data/t2_massive_top1_vs_k.json,rows[K=24]/NorDecision_RAW_top1_all
C,GLiNER,top-1,24,0.3653912443984833,0.365,{:.3f},"MASSIVE PT-BR intent test (legacy block), same 2,901 decisions at every K",2901,higher is better,results/data/t2_massive_top1_vs_k.json,rows[K=24]/GLiNER_top1
C,JATOBÁ,top-1,32,0.8393657359531196,0.839,{:.3f},"MASSIVE PT-BR intent test (legacy block), same 2,901 decisions at every K",2901,higher is better,results/data/t2_massive_top1_vs_k.json,rows[K=32]/NorDecision_RAW_top1_all
C,GLiNER,top-1,32,0.3474663908996898,0.347,{:.3f},"MASSIVE PT-BR intent test (legacy block), same 2,901 decisions at every K",2901,higher is better,results/data/t2_massive_top1_vs_k.json,rows[K=32]/GLiNER_top1
C,JATOBÁ,top-1,48,0.8076525336091003,0.808,{:.3f},"MASSIVE PT-BR intent test (legacy block), same 2,901 decisions at every K",2901,higher is better,results/data/t2_massive_top1_vs_k.json,rows[K=48]/NorDecision_RAW_top1_all
C,GLiNER,top-1,48,0.31161668390210273,0.312,{:.3f},"MASSIVE PT-BR intent test (legacy block), same 2,901 decisions at every K",2901,higher is better,results/data/t2_massive_top1_vs_k.json,rows[K=48]/GLiNER_top1
C,JATOBÁ,top-1,60,0.7845570492933471,0.785,{:.3f},"MASSIVE PT-BR intent test (legacy block), same 2,901 decisions at every K",2901,higher is better,results/data/t2_massive_top1_vs_k.json,rows[K=60]/NorDecision_RAW_top1_all
C,GLiNER,top-1,60,0.28921061702861084,0.289,{:.3f},"MASSIVE PT-BR intent test (legacy block), same 2,901 decisions at every K",2901,higher is better,results/data/t2_massive_top1_vs_k.json,rows[K=60]/GLiNER_top1
D,JATOBÁ,argmax flip rate,,0.0,0%,{:.0%},"JATOBÁ-ID CHOICE decisions, reversed order + 3 seeded shuffles each (88 reorderings), same orders for both models",22,lower is better,results/data/julia_permutation.json,nordecision_v11_same_S1_records_same_orders/argmax_flip_rate
D,Julia-1,argmax flip rate,,0.45454545454545453,45%,{:.0%},"JATOBÁ-ID CHOICE decisions, reversed order + 3 seeded shuffles each (88 reorderings), same orders for both models",22,lower is better,results/data/julia_permutation.json,julia/S1_PRISTINE_choice/argmax_flip_rate
E,JATOBÁ,parameters (millions),,169.1,169.1M,{:.1f}M,model size (total parameters),,neither,results/data/model_overview.json,rows/0/parameters
E,Laya,parameters (millions),,321.9,321.9M,{:.1f}M,model size (total parameters),,neither,results/data/model_overview.json,rows/1/parameters
E,GLiNER,parameters (millions),,287.4,287.4M,{:.1f}M,model size (total parameters),,neither,results/data/model_overview.json,rows/2/parameters
E,Julia-1,parameters (millions),,144.3,144.3M,{:.1f}M,model size (total parameters),,neither,results/data/model_overview.json,rows/3/parameters
